<?xml version="1.0" encoding="UTF-8"?>
<project-private xmlns="http://www.netbeans.org/ns/project-private/1">
    <editor-bookmarks xmlns="http://www.netbeans.org/ns/editor-bookmarks/2" lastBookmarkId="1">
        <file>
            <url>src/university_managment_system_by_nazeer_ahmed/studentdetail.java</url>
            <bookmark id="1">
                <name/>
                <line>267</line>
                <key/>
            </bookmark>
        </file>
    </editor-bookmarks>
    <open-files xmlns="http://www.netbeans.org/ns/projectui-open-files/2">
        <group>
            <file>file:/F:/IMPORTANT/COMPUTER%20SCIENCE/BS_CS_4/DBMS/University_Managment_system_By_Nazeer_Ahmed/src/university_managment_system_by_nazeer_ahmed/teacherdetail.java</file>
            <file>file:/F:/IMPORTANT/COMPUTER%20SCIENCE/BS_CS_4/DBMS/University_Managment_system_By_Nazeer_Ahmed/src/university_managment_system_by_nazeer_ahmed/studentdetail.java</file>
            <file>file:/F:/IMPORTANT/COMPUTER%20SCIENCE/BS_CS_4/DBMS/University_Managment_system_By_Nazeer_Ahmed/src/university_managment_system_by_nazeer_ahmed/Login.java</file>
            <file>file:/F:/IMPORTANT/COMPUTER%20SCIENCE/BS_CS_4/DBMS/University_Managment_system_By_Nazeer_Ahmed/src/university_managment_system_by_nazeer_ahmed/detailoffacultyattendence.java</file>
            <file>file:/F:/IMPORTANT/COMPUTER%20SCIENCE/BS_CS_4/DBMS/University_Managment_system_By_Nazeer_Ahmed/src/university_managment_system_by_nazeer_ahmed/addTeacher.java</file>
            <file>file:/F:/IMPORTANT/COMPUTER%20SCIENCE/BS_CS_4/DBMS/University_Managment_system_By_Nazeer_Ahmed/src/university_managment_system_by_nazeer_ahmed/studentattendec.java</file>
            <file>file:/F:/IMPORTANT/COMPUTER%20SCIENCE/BS_CS_4/DBMS/University_Managment_system_By_Nazeer_Ahmed/src/university_managment_system_by_nazeer_ahmed/facultyattendence.java</file>
            <file>file:/F:/IMPORTANT/COMPUTER%20SCIENCE/BS_CS_4/DBMS/University_Managment_system_By_Nazeer_Ahmed/src/university_managment_system_by_nazeer_ahmed/feepay.java</file>
            <file>file:/F:/IMPORTANT/COMPUTER%20SCIENCE/BS_CS_4/DBMS/University_Managment_system_By_Nazeer_Ahmed/src/university_managment_system_by_nazeer_ahmed/connwithmysql.java</file>
            <file>file:/F:/IMPORTANT/COMPUTER%20SCIENCE/BS_CS_4/DBMS/University_Managment_system_By_Nazeer_Ahmed/src/university_managment_system_by_nazeer_ahmed/project.java</file>
            <file>file:/F:/IMPORTANT/COMPUTER%20SCIENCE/BS_CS_4/DBMS/University_Managment_system_By_Nazeer_Ahmed/src/university_managment_system_by_nazeer_ahmed/updatesteacher.java</file>
            <file>file:/F:/IMPORTANT/COMPUTER%20SCIENCE/BS_CS_4/DBMS/University_Managment_system_By_Nazeer_Ahmed/src/university_managment_system_by_nazeer_ahmed/freestructure.java</file>
            <file>file:/F:/IMPORTANT/COMPUTER%20SCIENCE/BS_CS_4/DBMS/University_Managment_system_By_Nazeer_Ahmed/src/university_managment_system_by_nazeer_ahmed/updatestudent.java</file>
            <file>file:/F:/IMPORTANT/COMPUTER%20SCIENCE/BS_CS_4/DBMS/University_Managment_system_By_Nazeer_Ahmed/src/university_managment_system_by_nazeer_ahmed/addstudent.java</file>
            <file>file:/F:/IMPORTANT/COMPUTER%20SCIENCE/BS_CS_4/DBMS/University_Managment_system_By_Nazeer_Ahmed/src/university_managment_system_by_nazeer_ahmed/detailofstudentattendence.java</file>
        </group>
    </open-files>
</project-private>
